{
  "controller/MaterialInventoryRecord.controller.js.map": 1730885141574,
  "controller/SecurityGateIn.controller.js": 1730828126000,
  "controller/SecurityGateInMaterial.controller.js": 1730866438000,
  "model/models.js": 1729070794000,
  "controller/MaterialInventoryRecord.controller.js": 1730801182000,
  "controller/InventoryMain.controller.js": 1729667484000,
  "controller/InventoryDashboard.controller.js": 1730795316000,
  "controller/InspectionTable.controller.js": 1730828100000,
  "controller/Inspection.controller.js": 1730803446000,
  "controller/App.controller.js": 1730117398000,
  "manifest.json": 1730885141282,
  "Component.js": 1729070794000,
  "controller/InventoryMain-dbg.controller.js": 1729667484000,
  "controller/InventoryMain.controller.js.map": 1730885141495,
  "controller/SecurityGateInMaterial-dbg.controller.js": 1730866438000,
  "controller/SecurityGateInMaterial.controller.js.map": 1730885141573,
  "model/models-dbg.js": 1729070794000,
  "model/models.js.map": 1730885141485,
  "controller/MaterialInventoryRecord-dbg.controller.js": 1730801182000,
  "i18n/i18n.properties": 1730884955195,
  "controller/SecurityGateIn-dbg.controller.js": 1730828126000,
  "controller/SecurityGateIn.controller.js.map": 1730885141530,
  "controller/InventoryDashboard-dbg.controller.js": 1730795316000,
  "controller/InventoryDashboard.controller.js.map": 1730885141577,
  "controller/InspectionTable-dbg.controller.js": 1730828100000,
  "controller/InspectionTable.controller.js.map": 1730885141597,
  "controller/Inspection-dbg.controller.js": 1730803446000,
  "controller/Inspection.controller.js.map": 1730885141598,
  "controller/App-dbg.controller.js": 1730117398000,
  "controller/App.controller.js.map": 1730885141581,
  "Component-dbg.js": 1729070794000,
  "Component.js.map": 1730885141586,
  "Component-preload.js": 1730885141794,
  "Component-preload.js.map": 1730885141794,
  "view/SecurityGateInMaterial.view.xml": 1730820828000,
  "view/SecurityGateIn.view.xml": 1730799300000,
  "view/MaterialInventoryRecord.view.xml": 1730799480000,
  "view/InventoryMain.view.xml": 1730869008035,
  "view/InventoryDashboard.view.xml": 1730873815421,
  "view/InspectionTable.view.xml": 1730822096000,
  "view/Inspection.view.xml": 1730791036000,
  "view/App.view.xml": 1729070794000,
  "css/style.css": 1730805340000,
  "fragments/subComponent.fragment.xml": 1730702698000,
  "fragments/SubcomponentValueHelp.fragment.xml": 1729070794000,
  "fragments/SubComponent.fragment.xml": 1729664380000,
  "fragments/SecurityValueHelp.fragment.xml": 1730828748000,
  "fragments/QuantityDialog.fragment.xml": 1730107498000,
  "fragments/MaterialValueHelp.fragment.xml": 1730803714000,
  "fragments/GateInSubMaterial.fragment.xml": 1730182300000,
  "fragments/CategoryValueHelp.fragment.xml": 1729070794000,
  "fragments/AddSubComponent.fragment.xml": 1730799930000,
  "index.html": 1729070794000
}