{
  "Component-dbg.js": 1729070794000,
  "controller/App.controller.js": 1730182020000,
  "controller/StorageLocation3.controller.js": 1729746372000,
  "controller/StorageLocation.controller.js": 1730808424000,
  "controller/MaterialStatus.controller.js": 1730808420000,
  "controller/MaterialGroup.controller.js": 1730808416000,
  "controller/ConfigDashboard.controller.js": 1729070794000,
  "model/models.js": 1729070794000,
  "manifest.json": 1730885145494,
  "Component.js": 1729070794000,
  "controller/App-dbg.controller.js": 1730182020000,
  "controller/App.controller.js.map": 1730885145695,
  "controller/StorageLocation3-dbg.controller.js": 1729746372000,
  "controller/StorageLocation3.controller.js.map": 1730885145730,
  "controller/StorageLocation-dbg.controller.js": 1730808424000,
  "controller/StorageLocation.controller.js.map": 1730885145705,
  "controller/MaterialStatus-dbg.controller.js": 1730808420000,
  "controller/MaterialStatus.controller.js.map": 1730885145700,
  "controller/MaterialGroup-dbg.controller.js": 1730808416000,
  "controller/MaterialGroup.controller.js.map": 1730885145731,
  "controller/ConfigDashboard-dbg.controller.js": 1729070794000,
  "controller/ConfigDashboard.controller.js.map": 1730885145702,
  "model/models-dbg.js": 1729070794000,
  "model/models.js.map": 1730885145703,
  "i18n/i18n.properties": 1730884568562,
  "Component.js.map": 1730885145705,
  "Component-preload.js": 1730885145882,
  "Component-preload.js.map": 1730885145883,
  "view/StorageLocation5.view.xml": 1729147580000,
  "view/StorageLocation.view.xml": 1730186790000,
  "view/MaterialStatus.view.xml": 1730186776000,
  "view/MaterialGroup.view.xml": 1730798902000,
  "view/ConfigDashboard.view.xml": 1730798574000,
  "view/App.view.xml": 1729070794000,
  "fragments/updateMaterialGroup.fragment.xml": 1730187454000,
  "fragments/updateLocation.fragment.xml": 1730187084000,
  "fragments/locationValueHelp.fragment.xml": 1730178152000,
  "fragments/createMaterialGroup.fragment.xml": 1730187246000,
  "fragments/addStorageLocation.fragment.xml": 1730187538000,
  "fragments/UpdateMaterialStatus.fragment.xml": 1730187076000,
  "fragments/AddMaterialStatus.fragment.xml": 1730187034000,
  "css/style.css": 1730186076000,
  "index.html": 1729070794000
}